,eclass_l2,first_purchase_count
0,27050401.0|Varta,8682
1,21040301.0|Knipex,5344
2,24321202.0|Brother,4815
3,19020401.0|Logitech,4496
4,24200201.0|HP,4176
5,21040401.0|Wera,4140
6,19020402.0|Logitech,4094
7,24200101.0|HP,4001
8,24250401.0|edding,3798
9,23330190.0|Henkel,3685
10,24210590.0|Bedifol,3498
11,19069203.0|Jabra,3099
12,21040402.0|Wera,2882
13,23110102.0|Reyher,2798
14,24260103.0|3M,2691
15,24230590.0|tesa,2605
16,24200201.0|Brother,2525
17,29120102.0|helit innovative Büroprodukte,2497
18,27061801.0|InLine,2422
19,21040401.0|Wiha,2399
20,29120102.0|HAN,2365
21,24321202.0|Dymo,2303
22,27061801.0|Good Connections,2293
23,24240501.0|Schneider Schreibgeräte,2265
24,40011201.0|Ansell,2225
25,24290101.0|Leitz,2156
26,29043001.0|Teekanne,2144
27,40011301.0|ELTEN,2081
28,24289090.0|Avery,2055
29,21059202.0|Makita,2031
30,19020503.0|Logitech,2030
31,21040602.0|MARTOR,2017
32,24200201.0|Kyocera,2001
33,19020402.0|Cherry,1996
34,24230309.0|tesa,1910
35,27294290.0|Festo,1883
36,24289090.0|Herma,1814
37,27142604.0|Brennenstuhl,1813
38,24200101.0|Epson,1664
39,40011301.0|Atlas,1647
40,21040302.0|Knipex,1615
41,24360105.0|OtterBox,1577
42,27141104.0|WAGO Kontakttechnik,1568
43,40200102.0|Wolk,1513
44,23050801.0|SKF,1500
45,24200101.0|Canon,1456
46,40200102.0|Moedel,1451
47,24240501.0|Schneider,1443
48,23330207.0|tesa,1436
49,21059202.0|Bosch,1406
50,27140702.0|HellermannTyton,1383
51,23330390.0|tesa,1365
52,24200201.0|Lexmark,1358
53,24241607.0|edding,1341
54,21049103.0|MARTOR,1339
55,24290308.0|Soennecken,1325
56,27050401.0|Duracell,1319
57,40011501.0|uvex,1304
58,23110101.0|Reyher,1295
59,19020102.0|Dell,1270
60,27061801.0|LogiLink,1265
61,40011201.0|uvex,1257
62,19030312.0|Delock,1244
63,24301705.0|Durable,1220
64,19069203.0|Poly,1187
65,40011301.0|uvex,1165
66,21011603.0|Bosch,1155
67,27371302.0|Eaton,1145
68,19020102.0|Iiyama,1136
69,21059106.0|Kärcher,1135
70,19060106.0|Samsung,1114
71,24230490.0|tesa,1096
72,19030209.0|Samsung,1096
73,40011201.0|Unbekannt,1078
74,19010107.0|Lenovo,1072
75,24210590.0|PanzerGlass,1061
76,27050604.0|Apple,1058
77,29043801.0|Haribo,1057
78,23090101.0|Reyher,1055
79,27050401.0|Energizer,1053
80,40020401.0|Plum,1050
81,24241701.0|STABILO,1049
82,21040202.0|Wera,1048
83,23110701.0|Reyher,1044
84,19019201.0|Lenovo,1037
85,24241701.0|Soennecken,1031
86,23190110.0|ABUS,1007
87,23070601.0|Unbekannt,1001
88,40011201.0|KCL,998
89,19069203.0|GN Audio Germany,982
90,21010101.0|Format,980
91,27260701.0|Stäubli,976
92,27250203.0|Phoenix Contact,972
93,40011401.0|3M,967
94,19030312.0|InLine,966
95,24200101.0|Brother,959
96,19020102.0|Samsung,957
97,27050401.0|Ansmann,949
98,19030209.0|Western Digital,941
99,27119001.0|Ledlenser,933
100,27142604.0|Bachmann,925
101,24321602.0|Leitz,909
102,27371601.0|Finder,908
103,40011201.0|Nitras,906
104,24210113.0|SanDisk,901
105,27061801.0|EFB-Elektronik,895
106,19060106.0|Apple,894
107,21070301.0|Fetra,891
108,27371302.0|Siemens,885
109,27110690.0|Osram,885
110,27400201.0|Klauke,881
111,21040105.0|Gedore,871
112,24210590.0|OtterBox,870
113,19089204.0|Jabra,867
114,24210501.0|Bedifol,867
115,21011318.0|Klingspor,861
116,37110390.0|Riegler,854
117,21040601.0|Knipex,852
118,24260103.0|Soennecken,852
119,27290201.0|Festo,850
120,21010101.0|Bosch,849
121,24321602.0|Fellowes,832
122,23070601.0|LANDEFELD,832
123,29043801.0|Bahlsen,831
124,19020401.0|Cherry,827
125,23110103.0|Reyher,817
126,24292001.0|Soennecken,815
127,29120102.0|Emil Deiss,814
128,24260203.0|Soennecken,813
129,24230301.0|tesa,809
130,24360105.0|NALIA,808
131,24241401.0|STABILO,805
132,40200102.0|Schilder Klar,798
133,29042901.0|Melitta,797
134,24260601.0|Clairefontaine,786
135,21041102.0|Nölle Profi Brush,785
136,24260203.0|Baier & Schneider,778
137,24360105.0|JT Berlin,778
138,27140602.0|OBO BETTERMANN,773
139,23152201.0|fischer,770
140,19069203.0|HP,770
141,21100701.0|Zarges,769
142,27061801.0|Lapp Kabel,768
143,24200201.0|Canon,768
144,19069092.0|Apple,766
145,29042901.0|Lavazza,763
146,27294290.0|Riegler,753
147,19030312.0|LogiLink,753
148,24241601.0|edding,752
149,40020301.0|Söhngen,750
150,24241604.0|Staedtler,749
151,24241604.0|edding,748
152,24221001.0|Trodat,744
153,23170201.0|Optibelt,743
154,27141120.0|Phoenix Contact,743
155,19019201.0|Dell,742
156,29042901.0|Dallmayr,739
157,30021302.0|Henkel,737
158,24210112.0|SanDisk,736
159,21010101.0|Unbekannt,730
160,40200102.0|Kroschke,729
161,24220602.0|Leitz,725
162,23110102.0|Unbekannt,725
163,24200201.0|Xerox,725
164,19030312.0|Lindy,724
165,19030312.0|StarTech.com,720
166,27371901.0|Eaton,715
167,29043801.0|Ferrero,705
168,21052190.0|Bosch,704
169,24290101.0|Falken,703
170,24260601.0|HP,694
171,19019201.0|HP,693
172,27062001.0|Lapp Kabel,690
173,27142602.0|Brennenstuhl,689
174,24360105.0|Hama,687
175,19030312.0|Apple,686
176,19030117.0|Ubiquiti Networks,683
177,27143424.0|Harting,677
178,40011301.0|ISM,676
179,24241690.0|edding,671
180,23110111.0|SPAX International,662
181,24290101.0|Soennecken,661
182,27400203.0|Klauke,661
183,24260601.0|Unbekannt,658
184,27050604.0|Samsung,658
185,24280602.0|Avery,655
186,24242502.0|BIC,655
187,19010108.0|Apple,654
188,21041105.0|Lessmann,654
189,24230109.0|Henkel,646
190,24250401.0|Staedtler,642
191,19030312.0|S-Conn,637
192,27371003.0|Siemens,635
193,24260601.0|The Navigator Company,634
194,40200103.0|Wolk,627
195,21059202.0|Milwaukee,626
196,27294101.0|Festo,620
197,19069203.0|Logitech,616
198,27050101.0|Varta,614
199,27149115.0|HellermannTyton,613
200,24260601.0|Mondi,611
201,27050401.0|Accucell,610
202,29090201.0|Esmeyer,606
203,40011201.0|ATG,606
204,21040202.0|Hazet,606
205,19030312.0|DIGITUS,601
206,24240702.0|Pilot,601
207,21100420.0|Allit,600
208,37110390.0|Gardena,599
209,21131721.0|norelem Normelemente,595
210,27260701.0|Rittal,594
211,21010210.0|Format,592
212,19029290.0|Polymaker,589
213,19089204.0|Apple,589
214,27260701.0|Harting,588
215,21100421.0|Schaefer Group,587
216,30021404.0|SC Johnson,587
217,23090101.0|Unbekannt,586
218,24301610.0|Durable,578
219,19030312.0|Goobay,577
220,24290902.0|Really Useful Products,577
221,27050401.0|Panasonic,577
222,24301803.0|Neumann Verlage,572
223,27060304.0|InLine,571
224,27110636.0|LEDVANCE,569
225,24260601.0|Steinbeis Papier,569
226,29110201.0|Nölle Profi Brush,569
227,19020102.0|HP,568
228,29029004.0|Kärcher,566
229,29100201.0|PAPSTAR,565
230,23330390.0|3M,562
231,29041601.0|Arla Foods,553
232,24260601.0|Inapa,553
233,29120102.0|Unbekannt,553
234,29043001.0|Meßmer,549
235,24292001.0|Leitz,548
236,24240101.0|Faber-Castell,548
237,19030209.0|Seagate,546
238,27260701.0|Phoenix Contact,544
239,29043801.0|Mars,543
240,24292002.0|Soennecken,542
241,27110636.0|Philips,541
242,37110390.0|LANDEFELD,539
243,24280601.0|Labelident,538
244,21010101.0|Ruko,536
245,23100101.0|Reyher,535
246,29041601.0|Naarmann,529
247,24260601.0|Viking,529
248,27061801.0|Telegärtner,526
249,21040105.0|Wera,524
250,19020102.0|Lenovo,523
251,19020402.0|Dell,522
252,24241602.0|Staedtler,521
253,24220104.0|Maul,521
254,27200301.0|Fluke,521
255,40011201.0|Franz Mensch,520
256,21010102.0|Bosch,520
257,21100701.0|Hailo,519
258,24210401.0|LogiLink,518
259,27149109.0|Lapp Kabel,517
260,29120102.0|Deiss,516
261,19039190.0|HP,515
262,27260701.0|SKS Kontakttechnik,514
263,19029003.0|Datalogic,514
264,20030105.0|Soennecken,513
265,23060101.0|WD-40 Company,513
266,24292002.0|Leitz,512
267,40011601.0|3M,510
268,40011201.0|Helmut Feldtmann,506
269,24240501.0|STABILO,505
270,29029104.0|JURA,504
271,19010105.0|Lenovo,504
272,23050801.0|FAG,504
273,24241608.0|edding,504
274,24230101.0|Henkel,503
275,24290301.0|Leitz,502
276,19030308.0|Kingston Technology,500
277,29029004.0|Nilfisk-ALTO,500
278,29041601.0|Hochwald Foods,499
279,24290301.0|Durable,498
280,19010107.0|HP,498
281,30021690.0|Unbekannt,497
282,23190110.0|Burg-Wächter,497
283,23110102.0|Reidl,497
284,24240702.0|Pentel,494
285,27140702.0|TRU Components,494
286,40011201.0|PRO FIT by Fitzner,493
287,29110105.0|Kimberly-Clark,492
288,23110701.0|Unbekannt,492
289,27060402.0|Brennenstuhl,490
290,24210401.0|Fellowes,489
291,40030201.0|Tork,488
292,27260701.0|Hirschmann,487
293,27261290.0|Harting,486
294,24280890.0|Labelident,485
295,29040701.0|Bahlsen,484
296,40010801.0|Korntex,483
297,27061801.0|ROLINE,482
298,19069203.0|Yealink Network Technology,482
299,24291101.0|HAN,481
300,24221101.0|Trodat,480
301,24320502.0|Casio,480
302,27061801.0|VALUE,479
303,29100303.0|PAPSTAR,476
304,27061801.0|S-Conn,476
305,27119001.0|SCANGRIP,475
306,21011318.0|PFERD TOOLS,474
307,21041601.0|BESSEY Tool,473
308,19030112.0|Ubiquiti Networks,473
309,27061801.0|Goobay,473
310,40011201.0|AMPri,473
311,24360204.0|Wenger,472
312,24360105.0|Apple,472
313,40200202.0|Kroschke,471
314,27110690.0|Philips,470
315,30021690.0|JURA,469
316,19030308.0|Crucial,468
317,24200201.0|Ricoh,467
318,19030117.0|Netgear,467
319,30021507.0|Schülke,465
320,19029002.0|Zebra,463
321,21040901.0|Erwin Halder,462
322,23110301.0|Reyher,462
323,23190101.0|BKS,462
324,21040105.0|KS Tools,461
325,23330190.0|UHU,458
326,24250401.0|STABILO,458
327,40011201.0|Mapa,457
328,21079105.0|BS Rollen,454
329,29110107.0|Elos,454
330,28079101.0|Fischer Fahrrad,450
331,21040601.0|WEDO,450
332,24280890.0|3M,448
333,22170302.0|Otto-Chemie,446
334,40011201.0|ASATEX,444
335,27061801.0|Lindy,443
336,40011201.0|Hygostar,442
337,22549901.0|Nölle Profi Brush,442
338,21040602.0|WEDO,438
339,27061803.0|DIGITUS,438
340,19029290.0|Esun,436
341,19030101.0|AVM,433
342,27061801.0|DIGITUS,433
343,23152101.0|fischer,431
344,37010213.0|Festo,430
345,41090301.0|Unbekannt,429
346,27200601.0|WIKA,429
347,23070601.0|Dichtomatik,428
348,19010105.0|HP,427
349,21040402.0|KS Tools,426
350,27119001.0|Brennenstuhl,424
351,19030312.0|Good Connections,423
352,21079104.0|LANDEFELD,423
353,27050401.0|Saft,421
354,40011201.0|AS Arbeitsschutz,420
355,24220901.0|Soennecken,420
356,24260601.0|Navigator,419
357,24301802.0|BRUNNEN,418
358,21040202.0|Gedore,418
359,29041601.0|Milchwerke Berchtesgadener Land Chiemgau,417
360,27180201.0|Rittal,415
361,24301808.0|GÜSS Kalender,414
362,22540190.0|Gardena,414
363,40011201.0|Hase Safety Group,413
364,24300902.0|Maul,413
365,29119090.0|Swiffer,411
366,21040602.0|Unbekannt,411
367,27371003.0|Eaton,410
368,23070601.0|RS Pro,407
369,29043902.0|Hellma,407
370,19030117.0|TP-Link,407
371,40011201.0|Honeywell,405
372,21041105.0|PFERD TOOLS,404
373,27049190.0|Siemens,403
374,27242202.0|Siemens,401
375,30021507.0|Hartmann Group,401
376,40200102.0|Hein Industrieschilder,400
377,22140105.0|Ostendorf Kunststoffe,400
378,27061801.0|Delock,400
379,19030209.0|SanDisk,400
380,37110190.0|Norres,399
381,23230101.0|GEZE,398
382,21011318.0|3M,397
383,21040401.0|KS Tools,396
384,27061803.0|EFB-Elektronik,396
385,23060101.0|Unbekannt,396
386,19010108.0|Samsung,394
387,36430990.0|ebm-papst,394
388,27260701.0|TE Connectivity,392
389,24360204.0|Lenovo,391
390,21010101.0|PROJAHN Präzisionswerkzeuge,390
391,24210113.0|Kingston Technology,390
392,21010101.0|Gühring,390
393,21059106.0|Nilfisk-ALTO,389
394,21049090.0|Wera,389
395,24262301.0|Soennecken,388
396,21040601.0|Acme United,388
397,21040401.0|Unbekannt,387
398,40200102.0|Marahrens,387
399,19029003.0|Zebra,385
400,27049190.0|MEAN WELL,383
401,20099090.0|Hünersdorff,383
402,24220401.0|Leitz,383
403,24301809.0|Soennecken,380
404,21011318.0|Bosch,380
405,27371205.0|Harting,380
406,20140402.0|TransPak,379
407,21040301.0|JOKARI-Krampe,378
408,19020208.0|HP,378
409,38010302.0|Walter Schmidt Chemie,377
410,21059190.0|Kärcher,377
411,29110207.0|Vileda,376
412,24210113.0|Intenso,376
413,24220102.0|Durable,376
414,24300902.0|Franken,376
415,27149102.0|3M,374
416,21019190.0|Bosch,373
417,24262301.0|Viking,372
418,32031802.0|Hünersdorff,372
419,27110690.0|LEDVANCE,372
420,29042901.0|Mövenpick,372
421,24321602.0|r&b Laminiersysteme,371
422,20420204.0|Unbekannt,370
423,21089101.0|Weller Tools,370
424,20099090.0|Walter Schmidt Chemie,370
425,24260601.0|OVOL Papier,368
426,23330190.0|Weicon,368
427,21040401.0|PB Swiss Tools,367
428,40011405.0|3M,367
429,27149109.0|OBO BETTERMANN,367
430,21040301|Knipex,367
431,20140402.0|RAJA,366
432,27062010.0|Lapp Kabel,365
433,21040202.0|KS Tools,364
434,24210590.0|E.V.I.,364
435,21051690.0|Kärcher,363
436,19069203.0|EPOS,363
437,21040402.0|Gedore,362
438,27371228.0|Eaton,360
439,24291601.0|Leitz,360
440,21079105.0|Blickle Räder+Rollen,360
441,24262302.0|Soennecken,358
442,40011201.0|Ejendals,357
443,27110601.0|Osram,357
444,29110202.0|Vikan,356
445,21011318.0|Unbekannt,356
446,19020401.0|Hama,356
447,21041501.0|Kukko,355
448,24262301.0|Elco,355
449,27220601.0|Festo,355
450,21050602.0|Kärcher,354
451,40030201.0|WEPA,354
452,37010401.0|Riegler,353
453,24240701.0|Pilot,353
454,29042901.0|Tchibo,351
455,21100420.0|Raaco,350
456,19030501.0|LogiLink,350
457,24290401.0|Leitz,350
458,24200201.0|OKI,350
459,27141901.0|Siemens,349
460,24230701.0|tesa,348
461,20420204.0|Westdeutscher Drahtseil-Verkauf Dolezych,348
462,27370401.0|ABB,348
463,27141120.0|WAGO Kontakttechnik,348
464,24292701.0|Durable,347
465,24240501.0|BIC,344
466,29110107.0|Unbekannt,344
467,24270290.0|Hamelin Group,343
468,29120102.0|Soennecken,343
469,40011401.0|Moldex/Metric,343
470,23110103.0|Unbekannt,343
471,19030312.0|ROLINE,342
472,27062001.0|Helukabel,342
473,24241606.0|edding,341
474,21040402.0|Wiha,341
475,24260601.0|Igepa,341
476,27040690.0|APC,341
477,21080101.0|Weller Tools,340
478,21100701.0|MUNK Günzburger Steigtechnik,340
479,40200202.0|Schilder Klar,339
480,24262301.0|Bong,338
481,22360606.0|Riegler,338
482,24220102.0|Sigel,338
483,21130603.0|Gutekunst,338
484,23110101.0|Unbekannt,338
485,24360204.0|Dicota,338
486,27142001.0|Siemens,337
487,21010210.0|Unbekannt,336
488,19010107.0|Dell,336
489,40011201.0|Stronghand,336
490,27050401.0|APC,335
491,21089290.0|ABICOR BINZEL,335
492,40200202.0|Moedel,335
493,27400205.0|Klauke,335
494,29100306.0|Fripa,335
495,23110302.0|Reyher,335
496,27140602.0|HellermannTyton,333
497,27299220.0|LANDEFELD,333
498,19020102.0|LG,333
499,40030201.0|Kimberly-Clark,333
500,24291101.0|Leitz,333
501,27149129.0|Phoenix Contact,332
502,24300908.0|Maul,332
503,21040301.0|Weidmüller,332
504,24292201.0|Soennecken,332
505,27050401|Varta,330
506,27260701.0|Binder,330
507,27270101.0|ifm electronic,329
508,24360204.0|OtterBox,329
509,27260701.0|WAGO Kontakttechnik,329
510,27250203.0|Murrelektronik,328
511,40200202.0|Labelident,328
512,21042101.0|PFERD TOOLS,328
513,27200301.0|Benning,328
514,24301808.0|Soennecken,328
515,21100405.0|Burg-Wächter,327
516,24340601.0|Hama,327
517,30280101.0|Motip Dupli,327
518,34220101.0|B. Braun,326
519,30021507.0|Reckitt Benckiser,325
520,27060402.0|as - Schwabe,325
521,29119090.0|Procter & Gamble,324
522,27140908.0|OBO BETTERMANN,324
523,24260601.0|Xerox,324
524,40010302.0|Unbekannt,323
525,21060804.0|Riegler,322
526,40030201.0|Fripa,322
527,29110202.0|Nölle Profi Brush,321
528,24360204.0|Targus,320
529,29110201.0|Sorex Import Export Wolfgang Schietinger,320
530,40011302.0|Dunlop,319
531,22540101.0|Gardena,319
532,27050604.0|Intenso,318
533,24360105.0|prio,317
534,21040706.0|SFS Group,316
535,21100420.0|LA-KA-PE,315
536,40030201.0|Metsä,315
537,19020401|Logitech,314
538,19029003.0|Honeywell,314
539,24260203.0|Herlitz,313
540,19030117.0|HP,312
541,19080501.0|Samsung,312
542,21020701.0|AMF Andreas Maier,311
543,19030209.0|Kingston Technology,310
544,27050401.0|Unbekannt,310
545,19029090.0|Logitech,309
546,24241402.0|Staedtler,309
547,24220701.0|Novus Dahle,308
548,27050401.0|Multipower,308
549,29042901.0|Jacobs,307
550,21050101.0|Makita,305
551,29041601.0|Allgäuer Alpenmilch,304
552,27142604.0|InLine,304
553,30021403.0|Reinex,304
554,21040402.0|Bosch,302
555,24300902.0|magnetoplan,302
556,27142001.0|ESKA,302
557,24241701.0|Faber-Castell,302
558,20030106.0|Soennecken,301
559,24270290.0|Baier & Schneider,299
560,19029290.0|CREALITY,299
561,27144042.0|Busch-Jaeger,298
562,21040801.0|MARTOR,297
563,24291502.0|Pagna,297
564,27242207.0|Siemens,296
565,29110105.0|Tork,296
566,27294201.0|Sang-A,296
567,19060101.0|Mitel,296
568,21040105.0|Hazet,296
569,21040401.0|Hazet,296
570,27299220.0|Riegler,295
571,24300304.0|Durable,295
572,40011501.0|3M,295
573,24210590.0|E.V.I,294
574,21100701.0|KRAUSE,294
575,24220701.0|Soennecken,294
576,27050401.0|Tadiran Batteries,294
577,24220701.0|Leitz,293
578,27200106.0|Hama,292
579,27371601.0|Phoenix Contact,292
580,24200101.0|Trodat,292
581,40030190.0|SC Johnson,291
582,24290401.0|Herma,290
583,24311101.0|Topstar,289
584,40200202.0|Hein Industrieschilder,289
585,27050604.0|Ansmann,289
586,23110102.0|Heinrich Kipp Werk,289
587,27119090.0|Ledlenser,289
588,24290401.0|Avery,289
589,24220905.0|Maul,289
590,19060101.0|Unify,288
591,27142201.0|ABB,288
592,30021301.0|Reinex,287
593,30021690.0|Siemens,286
594,41020102.0|ALCO Albert,286
595,27302102.0|LANDEFELD,286
596,30021301.0|Henkel,285
597,24240701.0|Uni-Ball,285
598,27141901.0|ABB,285
599,21051314.0|Bosch,285
600,24360105.0|Samsung,284
601,40011201.0|BIG Arbeitsschutz,284
602,23010501.0|Otto Ganter,284
603,27140602.0|Hager,284
604,30021611.0|Sonax,284
605,25070000.0|Unbekannt,284
606,27371901.0|Pilz,284
607,27050401.0|Yuasa,283
608,40040301.0|GLORIA,282
609,30280101.0|Unbekannt,282
610,29020601.0|Philips,281
611,27061801.0|EFB,281
612,21040202.0|Proxxon,281
613,40200202.0|Wolk,281
614,24301802.0|Sigel,281
615,19020402.0|Apple,281
616,23330207.0|3M,280
617,21040206.0|Wera,280
618,23010102.0|Otto Ganter,280
619,21040402.0|Hazet,280
620,24241602.0|Faber-Castell,280
621,27400204.0|Klauke,280
622,30021404.0|Colgate-Palmolive,279
623,21040401|Wera,279
624,21079104.0|Unbekannt,279
625,21100420.0|Zarges,279
626,19040110.0|Microsoft,279
627,30021302.0|Reckitt Benckiser,279
628,21010210.0|Völkel,278
629,24301610.0|helit innovative Büroprodukte,278
630,21109101.0|Coba Plastics,277
631,29120102.0|Vepa Bins,277
632,24220701.0|Novus,276
633,29110210.0|Nölle Profi Brush,276
634,22360790.0|Viega,276
635,37110390.0|Unbekannt,276
636,27371501.0|Eaton,276
637,40030190.0|Peter Greven Physioderm,276
638,27062010.0|SKS Kontakttechnik,275
639,27260701.0|Molex,275
640,21011311.0|Bosch,275
641,19060101.0|Yealink Network Technology,275
642,19039005.0|Delock,273
643,29043902.0|Pfeifer & Langen,273
644,24300902.0|Leitz,273
645,24280701.0|Labelident,272
646,30021404.0|CWS,272
647,21052190.0|Makita,272
648,37110190.0|LANDEFELD,272
649,24220701.0|Rapid,272
650,24301809.0|GÜSS Kalender,272
651,40011101.0|3M,272
652,37010203.0|Festo,270
653,29029004.0|Bosch,270
654,27049190.0|Phoenix Contact,269
655,29020605.0|SEVERIN,269
656,23330207.0|gws Tapes,269
657,21019190.0|Makita,269
658,19030312.0|VALUE,269
659,24360290.0|Stanley,268
660,30021401.0|Werner & Mertz Gruppe,268
661,41020102.0|WEDO,268
662,24300201.0|Soennecken,268
663,19030312.0|MicroConnect,267
664,19069203.0|Apple,266
665,21041102.0|Unbekannt,265
666,23060101.0|Liqui Moly,264
667,27371501.0|Siemens,264
668,24241401.0|edding,264
669,24200201.0|Konica Minolta,263
670,29110203.0|Nölle Profi Brush,263
671,37010401.0|LANDEFELD,262
672,24321202.0|G&G,262
673,27371901.0|Siemens,262
674,29042901.0|Nestlé,262
675,23060101.0|BALLISTOL,261
676,19060101.0|Gigaset Communications,261
677,27220501.0|Eaton,260
678,22360605.0|Riegler,260
679,29110107.0|Wolk,259
680,21040602.0|Stanley,259
681,30280101.0|Lackfabrik Bäder,259
682,30021690.0|Brauns-Heitmann,259
683,24321202|Brother,259
684,27062010.0|Stäubli,258
685,24301808.0|Glocken,258
686,24321202.0|Ampertec,258
687,20330202.0|SHG Pur-Profile,258
688,24280602.0|RAJA,258
689,27141901.0|Hager,257
690,30021401.0|DR.SCHNELL,257
691,24360204.0|HP,255
692,21040220.0|KS Tools,255
693,24240702.0|Uni-Ball,255
694,24321202.0|Newell Brands,254
695,30280101.0|A.M.P.E.R.E. System,254
696,20360101.0|Banholzer & Wenz,253
697,27260701.0|Telegärtner,253
698,40200104.0|Wolk,252
699,40011301.0|Steitz,252
700,27050604.0|Varta,251
701,24240702.0|BIC,250
702,24260405.0|Soennecken,250
703,29090201.0|Gräwe,250
704,40200103.0|Schilder Klar,250
705,27400401.0|Phoenix Contact,250
706,29043801.0|August Storck,249
707,24262302.0|Bong,249
708,21100420.0|LA-KA-PE (Ing. Alfred Häner),249
709,37110190.0|REHAU,249
710,19030312.0|EFB-Elektronik,248
711,27050604.0|Anker,248
712,40020501.0|Kelmaplast,248
713,40030201.0|BAXX,248
714,23060102.0|Unbekannt,248
715,21100420.0|AUER Packaging,248
716,34400202.0|Söhngen,247
717,27050401.0|Voltcraft,247
718,21040105.0|Unbekannt,247
719,24240501.0|Faber-Castell,246
720,23159090.0|Otto Ganter,246
721,19020208.0|Brother,246
722,27060402.0|Bachmann,246
723,21100421.0|Hünersdorff,246
724,29110105.0|uvex,245
725,40030212.0|iPEP,245
726,19019190.0|Dell,243
727,27371410.0|Eaton,243
728,40010801.0|Nitras,243
729,29043801.0|Chocoladefabriken Lindt & Sprüngli,243
730,21070101.0|Fetra,243
731,23110111.0|Unbekannt,243
732,24290902.0|Sunware,243
733,21051990.0|Bosch,242
734,27250203.0|ifm electronic,242
735,27260701.0|Murrelektronik,242
736,19020402.0|HP,242
737,29041601.0|Sachsenmilch Leppersdorf,242
738,24230109.0|UHU,242
739,29100305.0|Melitta,241
740,19010105.0|Dell,241
741,29090301.0|Ritzenhoff & Breker,241
742,21011311.0|PFERD TOOLS,241
743,27061803.0|Good Connections,241
744,21160106.0|Bosch,241
745,22369102.0|Wenko,240
746,30021404.0|Unbekannt,240
747,21011311.0|Klingspor,240
748,40030201.0|Elos,240
749,21040402.0|PROJAHN Präzisionswerkzeuge,240
750,30021404.0|Peter Greven Physioderm,239
751,19020401.0|Dell,239
752,21040222.0|Wera,239
753,29110105.0|Metsä,239
754,27110690.0|Scharnberger + Hasenbein,238
755,23060102.0|OKS,238
756,27110310.0|Maul,238
757,23051301.0|SKF,237
758,23010103.0|Otto Ganter,237
759,27050401.0|Anker,237
760,24301808.0|Neumann Verlage,237
761,27140702.0|Cimco,236
762,24301809.0|Baier & Schneider,236
763,24210112.0|Transcend,235
764,23110102.0|Widex Selection,235
765,24310701.0|C+P Möbelsysteme,234
766,37110390.0|KARASTO Armaturenfabrik Oehler,234
767,21100101.0|Raaco,234
768,24260105.0|3M,234
769,19030103.0|LogiLink,233
770,21043102.0|Pressol,233
771,24292006.0|Maul,233
772,29120102.0|PAPSTAR,233
773,21160108.0|STABILA Messgeräte,232
774,40011401.0|Dräger,232
775,21040301.0|Klauke,232
776,24260601.0|Soennecken,232
777,24220107.0|Relaxdays,232
778,29120102.0|Kaiser+Kraft,232
779,19020102.0|Philips,231
780,40011390.0|Atlas,230
781,27149127.0|Rittal,230
782,24210113.0|Verbatim,230
783,24292001.0|Durable,230
784,21050101.0|Bosch,230
785,40020501.0|tesa,230
786,21010504.0|PFERD TOOLS,230
787,21041105.0|Unbekannt,229
788,24260601.0|UPM,229
789,27141133.0|Phoenix Contact,229
790,40030212.0|Fripa,228
791,24230101.0|UHU,228
792,21041103.0|Nölle Profi Brush,228
793,19010108.0|Microsoft,228
794,40011603.0|Howard Leight,228
795,23170205.0|Optibelt,227
796,27371003.0|Schneider Electric,227
797,41020102.0|Durable,227
798,21100421.0|Allit,226
799,19089202.0|Jabra,226
800,23330190.0|Unbekannt,226
801,27294205.0|LANDEFELD,226
802,21100701.0|MUNK,226
803,21100420.0|BITO-Lagertechnik,226
804,27140602.0|Fränkische Rohrwerke,225
805,24360204.0|Dell,225
806,27299221.0|LANDEFELD,225
807,19040302.0|Microsoft,224
808,24300301.0|Viking,224
809,21040401.0|Gedore,223
810,19020401.0|HP,223
811,24220602.0|Novus,223
812,24289090.0|Labelident,223
813,27270101.0|Pepperl+Fuchs,222
814,30021609.0|CRC Industries,222
815,21040218.0|KS Tools,222
816,23110901.0|Böllhoff,221
817,21100421.0|BITO-Lagertechnik,221
818,19030312.0|equip,220
819,24260601.0|Q-Connect,220
820,21040206.0|Wiha,220
821,24290308.0|Exacompta,220
822,29043801.0|Storck,219
823,24340905.0|Relaxdays,219
824,19020401.0|Apple,219
825,27141141.0|Phoenix Contact,219
826,24300304.0|Franken,219
827,20030106.0|Debatin,219
828,27061801.0|Helos,219
829,30020690.0|Kärcher,218
830,24321501.0|Leitz,218
831,19039190.0|Lenovo,218
832,23050801.0|ZEN,218
833,21011318.0|Mirka,217
834,27110410.0|Brennenstuhl,217
835,21059106.0|VHBW,217
836,21130806.0|Otto Ganter,217
837,21052101.0|Milwaukee,217
838,21040401.0|Format,217
839,24221401.0|ALCO Albert,216
840,22360705.0|LANDEFELD,216
841,30280101.0|edding,216
842,27143204.0|Moravia,216
843,21040105.0|Format,215
844,30021302.0|Finish,215
845,27119007.0|WERMA Signaltechnik,215
846,19030209.0|HP,215
847,27149127.0|Spelsberg,215
848,21040601.0|Westcott,215
849,27141120.0|Weidmüller,215
850,24242502.0|Soennecken,215
851,21160101.0|STABILA Messgeräte,215
852,27140702.0|Sapiselco,215
853,24260203.0|Hamelin Group,214
854,24301610.0|VKF Renzel,214
855,19020401.0|3Dconnexion,214
856,30021609.0|Unbekannt,214
857,27294201.0|Riegler,214
858,27050401.0|Maxell,214
859,21052101.0|Makita,214
860,27143404.0|MENNEKES Elektrotechnik,214
861,21100420.0|Kaiser+Kraft,214
862,23060601.0|Walter Schmidt Chemie,214
863,21040202.0|Stahlwille,214
864,27050604.0|Dell,213
865,23210192.0|Hoppe,213
866,21010101.0|TECWERK,212
867,20420204.0|Tector,212
868,24291304.0|Exacompta,212
869,27370401.0|Siemens,211
870,27399090.0|Axis,211
871,24300301.0|magnetoplan,210
872,29042901.0|Jacobs Douwe Egberts,210
873,40020205.0|Moravia,210
874,24260601.0|Exacompta Clairefontaine,209
875,27250203.0|Siemens,209
876,19029004.0|Apple,208
877,21100405.0|ABUS,208
878,30280101.0|Belton,208
879,24301705.0|Kim Kranholdt,207
880,24230309.0|3M,207
881,40011201.0|Texxor,207
882,27149109.0|Wiska,207
883,27050604.0|OtterBox,207
884,21040190.0|Stahlwille,207
885,24301502.0|Franken,207
886,22369104.0|Wenko,207
887,40030212.0|essity,207
888,27062005.0|Unbekannt,206
889,30021690.0|Reinex,206
890,29090101.0|ARC International,206
891,21040901.0|Unbekannt,206
892,36120301.0|Jungheinrich PROFISHOP,206
893,24260601.0|MAESTRO COLOR,206
894,27270990.0|Sick,205
895,24210401.0|Durable,205
896,34180490.0|Söhngen,205
897,29110107.0|ZVG,204
898,24290101.0|ELBA,204
899,24290101.0|Soldan,204
900,27062003.0|Lapp Kabel,204
901,29029004.0|Makita,204
902,27140707.0|HellermannTyton,204
903,24210701.0|Kensington,204
904,21080101.0|Camping Gaz,204
905,29100201.0|Starpak,204
906,27371302.0|ABB,204
907,27061801.0|MicroConnect,204
908,21109104.0|Bott,203
909,21040208.0|Hazet,203
910,21100420.0|Schaefer Group,203
911,24290301.0|Soennecken,203
912,21100401.0|SCHULTE Lagertechnik,203
913,24300304.0|Maul,202
914,23149102.0|NORMA,202
915,24301802.0|Baier & Schneider,202
916,27140702.0|Unbekannt,201
917,32035102.0|Macherey-Nagel,201
918,21109101.0|Floordirekt,201
919,40200101.0|Wolk,201
920,30021507.0|Dr. Schumacher,200
921,27290301.0|Festo,200
922,27061801.0|equip,200
923,21040601.0|BESSEY Tool,200
924,24260203.0|Oxford,200
925,29110203.0|Sorex Import Export Wolfgang Schietinger,200
926,40011302.0|ELTEN,200
927,21010101.0|Forum,200
928,29120102.0|Durable,200
929,40020501.0|3M,199
930,27119001.0|Ansmann,199
931,24301803.0|Zettler,199
932,40200102.0|SETON,198
933,21050602.0|Nilfisk-ALTO,198
934,24321602.0|Viking,198
935,21040105.0|Stahlwille,198
936,27143406.0|MENNEKES Elektrotechnik,198
937,23200101.0|BASI,198
938,24301803.0|Glocken,197
939,37011108.0|Festo,197
940,24240501.0|Soennecken,197
941,19030305.0|Intel,197
942,27142604.0|as - Schwabe,197
943,21040190.0|Format,197
944,21049090.0|GLORIA Haus- und Gartengeräte,197
945,24210113.0|Mediarange,196
946,19030209.0|Intenso,196
947,40200203.0|Wolk,196
948,19020402|Logitech,196
949,30021403.0|Henkel,195
950,27143424.0|TE Connectivity,195
951,34189290.0|Plum,194
952,24260103|3M,194
953,27110601.0|LEDVANCE,193
954,40200103.0|Hein Industrieschilder,193
955,24311101.0|Bimos,193
956,36120202.0|Columbus McKinnon,193
957,27061803.0|Helos,193
958,27260701.0|Amphenol,193
959,21079105.0|Wicke,193
960,19030209.0|Crucial,193
961,29040701.0|Intersnack,193
962,19010107.0|Apple,192
963,24230590.0|3M,192
964,37110190.0|Unbekannt,192
965,21079104.0|SHT Suhler Hebezeugtechnik,192
966,27050401.0|Quality Batteries,192
967,21041105.0|Osborn,192
968,21011318.0|Rhodius Abrasives,191
969,27149102.0|Coroplast,191
970,24240101.0|Staedtler,191
971,24300902.0|Magna-C,191
972,40010801.0|Helmut Feldtmann,191
973,24360204.0|Pedea,191
974,29041601.0|Gut&Günstig,190
975,30021690.0|Walter Schmidt Chemie,190
976,40011603.0|uvex,190
977,19030506.0|DIGITUS,190
978,24290101.0|Centra,190
979,21100101.0|Allit,190
980,19029002.0|Brother,189
981,24301809.0|rido/idé,189
982,22549090.0|Relaxdays,189
983,27050604.0|Goobay,188
984,34189290.0|Orkla Wound Care,188
985,23200101.0|ABUS,188
986,30021404.0|Dreiturm,188
987,34180490.0|Orkla Wound Care AB,188
988,21040206.0|Hazet,188
989,37110190.0|Gardena,188
990,37110190.0|Riegler,188
991,19030312.0|Manhattan,188
992,24240501|Schneider Schreibgeräte,187
993,27142801.0|Bosch Rexroth,187
994,27182590.0|Rittal,187
995,23079090.0|Henkel,187
996,27050604.0|InLine,187
997,27149127.0|WAGO Kontakttechnik,187
998,19030101.0|Teltonika,187
999,19030511.0|Aten,186
1000,27142201.0|Siemens,186
1001,21079104.0|Westdeutscher Drahtseil-Verkauf Dolezych,186
1002,23170450.0|Mädler,186
1003,40011201.0|Leipold + Döhle,185
1004,21011318.0|VSM · Vereinigte Schmirgel- und Maschinen-Fabriken,185
1005,24280490.0|Brother,185
1006,23170403.0|Unbekannt,185
1007,24360105.0|BlackRock,185
1008,24311101.0|HJH Office,185
1009,37110291.0|Riegler,185
1010,27049190.0|Puls,185
1011,29090301.0|elasto,185
1012,21089101.0|JBC,185
1013,29090301.0|Assheuer + Pott,184
1014,40029103.0|A.M.P.E.R.E. System,184
1015,27060490.0|Bachmann,184
1016,19039190.0|CBO,184
1017,21040190.0|Wera,184
1018,23330190.0|Sika,184
1019,27110303.0|LEDVANCE,184
1020,21010210.0|Ruko,183
1021,40011101.0|uvex,183
1022,19030506.0|StarTech.com,183
1023,23170403.0|Mädler,183
1024,27371901.0|Schneider Electric,183
1025,19020102.0|Asus,182
1026,21170306.0|Mitutoyo,182
1027,19030117.0|D-Link,182
1028,27294290.0|Lapp Kabel,182
1029,19020401.0|Evoluent,182
1030,23190102.0|Burg,182
1031,29042901.0|Gorilla,181
1032,21049090.0|Unbekannt,181
1033,23110103.0|Reidl,181
1034,27260101.0|Vishay,181
1035,27050401.0|Renata,181
1036,24240601.0|Schneider,181
1037,24301808.0|rido/idé,181
1038,40010406.0|printwear.eu GmbH & Co. KG,180
1039,19010108.0|Lenovo,180
1040,23170205.0|Mädler,180
1041,24301809.0|Glocken,180
1042,21109105.0|Lista,180
1043,21100101.0|Unbekannt,180
1044,29100101.0|PAPSTAR,179
1045,36230301.0|Kärcher,179
1046,27119007.0|Eaton,179
1047,29043801.0|Ritter Sport,179
1048,19020102.0|BenQ,179
1049,24301504.0|Soennecken,179
1050,21100412.0|Burg,179
1051,24200201.0|WhiteBox,179
1052,19030501.0|StarTech.com,178
1053,22360101.0|CORNAT,178
1054,40011603.0|Honeywell,178
1055,29110207.0|Leifheit,178
1056,24261301.0|HP,178
1057,21040206.0|Stahlwille,178
1058,24290101.0|Q-Connect,178
1059,24262301.0|MAILmedia,178
1060,29139090.0|PAPSTAR,178
1061,21011305.0|PFERD TOOLS,177
1062,24242101.0|Soennecken,177
1063,24210501.0|Kensington,177
1064,29110105.0|Temca,177
1065,27260701.0|Lapp Kabel,177
1066,40011603.0|Moldex/Metric,177
1067,24270290.0|König & Ebhardt,177
1068,29100201.0|1-PACK,176
1069,24280104.0|Herma,176
1070,24230601.0|tesa,176
1071,27110310.0|Hansa,176
1072,29029001.0|a-series,176
1073,23060101.0|Weicon,175
1074,40200104.0|Schilder Klar,175
1075,21011304.0|Klingspor,175
1076,19030209.0|Transcend,175
1077,27050604.0|Hama,175
1078,21052003.0|Makita,175
1079,34220390.0|B. Braun,175
1080,30021609.0|Weicon,175
1081,21160101.0|Unbekannt,175
1082,29110107.0|Durable,175
1083,21059190.0|Metabo,175
1084,27149115.0|Behr Bircher Cellpack BBC,175
1085,27140707.0|DIGITUS,174
1086,24290101.0|Hamelin Group,174
1087,24292205.0|Durable,174
1088,24292002.0|Viking,174
1089,24280890.0|Dymo,174
1090,24210590.0|Hama,174
1091,27050401.0|GP,174
1092,24220107.0|HAN,174
1093,29120102.0|Relaxdays,174
1094,21100101.0|Stanley,174
1095,21100420.0|RAJA,174
1096,24262304.0|Arofol,173
1097,21041105.0|Format,173
1098,24321103.0|Dymo,173
1099,27270104.0|Festo,173
1100,24280801.0|Labelident,173
1101,21100101.0|Knipex,173
1102,24241902.0|Pica,173
1103,24200201.0|edding,172
1104,27143409.0|MENNEKES Elektrotechnik,172
1105,21010101.0|Fein,172
1106,24210109.0|HP,172
1107,27142201.0|Hager,171
1108,24292002.0|Esselte,171
1109,21011320.0|PFERD TOOLS,171
1110,29120102.0|Eurobins,171
1111,21010101.0|Dormer Tools,171
1112,22360605.0|LANDEFELD,170
1113,30020690.0|Henkel,170
1114,21040601.0|Unbekannt,170
1115,21040220.0|Milwaukee,170
1116,23250304.0|Otto Ganter,170
1117,24270213.0|Avery,170
1118,27140702.0|InLine,170
1119,24230903.0|CRC Industries,169
1120,23110101.0|Widex Selection,169
1121,29120102.0|VAR,169
1122,40020301.0|FLEXEO GmbH,169
1123,29020601.0|De'Longhi,169
1124,22529090.0|Schake,168
1125,23110111.0|fischer,168
1126,29041601.0|EDEKA,168
1127,21100401.0|META,168
1128,40011301.0|U-Group,168
1129,19030101.0|TP-Link,167
1130,24311101.0|Dauphin,167
1131,19039190.0|Ubiquiti Networks,167
1132,21109102.0|CEMO,167
1133,27081002.0|Icotek,167
1134,19030501.0|DIGITUS,166
1135,24260601.0|tecno,166
1136,30021401.0|Unbekannt,166
1137,27299220.0|Festo,166
1138,22360602.0|Viega,166
1139,19020102.0|AOC,166
1140,40011603.0|3M,166
1141,21060804.0|Hazet,165
1142,29090390.0|Contacto Bander,165
1143,20330202.0|Unbekannt,165
1144,40030212.0|Tork,165
1145,21051314.0|Makita,165
1146,29120101.0|SC Johnson,165
1147,24220901.0|ALCO Albert,165
1148,27270101.0|Balluff,165
1149,19039001.0|Ubiquiti Networks,164
1150,24291601.0|Durable,164
1151,21040402.0|BGS Technic,164
1152,19030312.0|PureLink,164
1153,24290308.0|Viking,164
1154,27050604.0|Lenovo,164
1155,40020501.0|Unbekannt,163
1156,21100101.0|Makita,163
1157,22369090.0|Cleanscout,163
1158,27050401.0|Intenso,163
1159,29020601.0|Melitta,163
1160,27294101.0|Riegler,163
1161,29120102.0|Rubbermaid Commercial Products,163
1162,23120402.0|SFS Group,162
1163,27050604.0|Pedea,162
1164,34210890.0|Söhngen,162
1165,29041601.0|Jacobs,162
1166,21100101.0|Parat,162
1167,21100420.0|ALUTEC MÜNCHEN,162
1168,40200103.0|Marahrens,162
1169,19020402.0|Lenovo,162
1170,29090390.0|Pressol,161
1171,40010102.0|Planam,161
1172,24292006.0|Durable,161
1173,24210501.0|3M,161
1174,29043001.0|IG OSTFRIESISCHE TEE GESELLSCH,161
1175,29043801.0|Schwartauer Werke,161
1176,20270102.0|Sealed Air,161
1177,40020501.0|Mehlhose Antirutschprodukte,161
1178,24360204.0|Hama,161
1179,27110310.0|Styro,160
1180,27050401.0|Exide,160
1181,23031101.0|KTR Kupplungstechnik,160
1182,23090101.0|RS Pro,160
1183,29110190.0|Durable,160
1184,40200101.0|Moedel,160
1185,24240701.0|STABILO,160
1186,29120102.0|SULO,160
1187,24242502.0|Henkel,159
1188,27119001.0|Varta,159
1189,27140706.0|HellermannTyton,159
1190,27050604.0|StarTech.com,159
1191,21040222.0|Gedore,159
1192,30280101.0|MIPA,159
1193,27180201.0|DIGITUS,159
1194,21040501.0|Knipex,159
1195,22360101.0|Neoperl,159
1196,27260701.0|Metz Connect,158
1197,29110107.0|Gut&Günstig,158
1198,27140602.0|Tehalit,158
1199,24260203.0|BRUNNEN,158
1200,24251901.0|Soennecken,158
1201,29119090.0|Nölle Profi Brush,158
1202,24240702.0|Mitsubishi,158
1203,23020401.0|Optibelt,158
1204,21052101.0|Bosch,158
1205,27061803.0|InLine,158
1206,29042901.0|Senseo,157
1207,27141133.0|WAGO Kontakttechnik,157
1208,23110701.0|Reidl,157
1209,23149090.0|fischer,157
1210,27294290.0|Parker,157
1211,29043001.0|Ostfriesische Tee,157
1212,27294206.0|Riegler,157
1213,24330301.0|Sigel,157
1214,40020205.0|SHG Pur-Profile,157
1215,21011318.0|Metabo,157
1216,40011201.0|Bingold,157
1217,24292006.0|Ultradex,156
1218,24241603.0|edding,156
1219,19030312.0|Lenovo,156
1220,40200103.0|Kroschke,156
1221,24250401|edding,156
1222,27200290.0|TFA Dostmann,156
1223,29041601.0|Oatly,156
1224,21010101.0|PFERD TOOLS,156
1225,21040190.0|KS Tools,156
1226,29040701.0|Ültje,156
1227,24230101.0|Soennecken,156
1228,24291601.0|Soennecken,155
1229,27149102.0|HellermannTyton,155
1230,21040301.0|Harting,155
1231,21040602.0|Tajima,155
1232,24290101.0|Büroring,155
1233,24241690.0|Pica,155
1234,21010101.0|Heller,155
1235,40200103.0|Moedel,155
1236,29110110.0|HYGOCLEAN,154
1237,21100420.0|Really Useful Products,154
1238,27144090.0|Eaton,154
1239,20030105.0|TransPak,154
1240,22170302.0|Unbekannt,154
1241,21020501.0|Heinrich Kipp Werk,154
1242,23090301.0|Reyher,154
1243,21109104.0|Kappes Systeme,154
1244,19080702.0|Manhattan,154
1245,20050290.0|Nölle Profi Brush,154
1246,21109102.0|META,154
1247,41010302.0|Sport-Thieme,153
1248,27371902.0|Pilz,153
1249,24200101|HP,153
1250,40019290.0|Moldex/Metric,153
1251,21109102.0|SCHULTE Lagertechnik,153
1252,23060101.0|OKS,153
1253,27200106.0|TFA Dostmann,153
1254,24300905.0|Durable,153
1255,24300301.0|Legamaster,153
1256,40011501.0|Unbekannt,153
1257,21040603.0|Unbekannt,152
1258,29020101.0|C. Bomann,152
1259,21040901.0|Gedore,152
1260,40200202.0|SETON,152
1261,24210590.0|prio,152
1262,24290902.0|Leitz,152
1263,21010101.0|PTG,152
1264,40011405.0|Dräger,152
1265,29039090.0|Brita,152
1266,30280101.0|European Aerosols,151
1267,27260101.0|Yageo,151
1268,22320202.0|Liedeco,151
1269,19039190.0|Dell,151
1270,20270104.0|TransPak,151
1271,19030305.0|AMD,151
1272,21010101.0|ATORN,150
1273,24200202.0|Brother,150
1274,24321202.0|NINESTAR,150
1275,29110105.0|essity,150
1276,24261706.0|Hornschuch,150
1277,21043090.0|Unbekannt,150
1278,21010202.0|Völkel,150
1279,30021302.0|Gut&Günstig,150
1280,19080702.0|Neomounts,149
1281,19060101.0|Alcatel,149
1282,24301802.0|Soennecken,149
1283,21100420.0|Hünersdorff,149
1284,23270201.0|HANSI-Siebert,149
1285,21049106.0|Erwin Halder,149
1286,27130801.0|Dehn,149
1287,21040222.0|Hazet,149
1288,22411101.0|Rittal,149
1289,21011311.0|Rhodius Abrasives,149
1290,21020801.0|Otto Ganter,149
1291,40011302.0|Atlas,149
1292,21089101.0|Ersa Löttechnik,149
1293,40011201.0|B. Braun,148
1294,34189290.0|Söhngen,148
1295,40011201.0|Hase,148
1296,24289090.0|TOP STICK,148
1297,27200103.0|Brennenstuhl,148
1298,23110701.0|RS Pro,148
1299,27061801.0|SYNERGY 21,148
1300,30021302.0|Diversey,148
1301,30021701.0|Reckitt Benckiser,148
1302,21089190.0|ABICOR BINZEL,148
1303,27371302.0|Schneider Electric,148
1304,19029003.0|Ricoh,148
1305,20140402.0|Dinkhauser,148
1306,27144021.0|Spelsberg,148
1307,40011501.0|Infield Safety,147
1308,27050604.0|DIGITUS,147
1309,30021301.0|fit,147
1310,24221000.0|Trodat,147
1311,23079090.0|Unbekannt,147
1312,24241604.0|Legamaster,147
1313,24220102.0|Soennecken,147
1314,23180101.0|Otto Ganter,147
1315,23070890.0|LANDEFELD,147
1316,22360606.0|LANDEFELD,146
1317,22170102.0|Reinex,146
1318,40040101.0|Hekatron,146
1319,23189101.0|Heinrich Kipp Werk,146
1320,21080101.0|Ersa Löttechnik,146
1321,22170302.0|fischer,146
1322,27143415.0|Merten,146
1323,23110111.0|Reyher,146
1324,24331208.0|Unbekannt,146
1325,40030201.0|Sofidel,146
1326,40020301.0|Leina,146
1327,30021401.0|Frosch,146
1328,21042101.0|PFERD-Werkzeuge,146
1329,23110102.0|Böllhoff,146
1330,24289090.0|Moedel,146
1331,19030501.0|TP-Link,145
1332,29120102.0|VEPATIM,145
1333,24260101.0|Soennecken,145
1334,27260801.0|Texas Instruments,145
1335,40011201.0|ATG Gloves,145
1336,21043090.0|iFixit,145
1337,29090301.0|ARC International,145
1338,27294201.0|LANDEFELD,145
1339,21040220.0|Gedore,145
1340,29020605.0|C. Bomann,145
1341,21049115.0|Nölle Profi Brush,145
1342,40010801.0|ASATEX,145
1343,23170601.0|Unbekannt,145
1344,21059106.0|Bosch,144
1345,21049103.0|Unbekannt,144
1346,30021401.0|Henkel,144
1347,24292301.0|HAN,144
1348,27371238.0|Euchner,144
1349,21131725.0|Otto Ganter,144
1350,29042901.0|Nespresso Professional,144
1351,29040701.0|Hellma,144
1352,22360690.0|Ostendorf Kunststoffe,144
1353,29080190.0|Contacto Bander,144
1354,29020206.0|SEVERIN,144
1355,27260701.0|RS Pro,143
1356,29110110.0|Soennecken,143
1357,27290201.0|SMC,143
1358,19020402.0|Microsoft,143
1359,27400201|Klauke,143
1360,27140702.0|ABB,143
1361,22549901.0|Talen Tools,143
1362,27182590.0|DIGITUS,143
1363,21040402.0|Stahlwille,142
1364,27180102.0|Spelsberg,142
1365,19030209.0|Toshiba,142
1366,27140707.0|Rittal,142
1367,23060102.0|Perma,142
1368,30021690.0|De'Longhi,142
1369,30021403.0|Sonax,142
1370,29090390.0|Assheuer + Pott,142
1371,21049103.0|WEDO,142
1372,22360705.0|Riegler,142
1373,23050911.0|SKF,142
1374,21109102.0|Denios,142
1375,20270104.0|iPEP,142
1376,24241608.0|Pica,142
1377,21160108.0|SOLA-Messwerkzeuge,141
1378,24220701.0|Novus Office,141
1379,24220104.0|Soennecken,141
1380,27220501.0|Telemecanique Sensors,141
1381,24301802.0|Avery,141
1382,29110207.0|Unbekannt,141
1383,27050604.0|HP,141
1384,29020605.0|Philips,141
1385,19039001.0|TP-Link,141
1386,21052190.0|Milwaukee,141
1387,24290101.0|VELOFLEX Carsten Thormählen,141
1388,23010190.0|Otto Ganter,140
1389,19029004.0|Microsoft,140
1390,19030506.0|Delock,140
1391,21040301.0|Unbekannt,140
1392,21170207.0|Format,140
1393,29043902.0|Südzucker,140
1394,20050290.0|Unbekannt,140
1395,29120102.0|VAR Fahrzeug- und Apparatebau,139
1396,24360105.0|Spigen,139
1397,27140707.0|OBO BETTERMANN,139
1398,27141104|WAGO Kontakttechnik,139
1399,21059202.0|Accucell,139
1400,27149102.0|tesa,139
1401,24260103.0|Q-Connect,139
1402,40011501.0|Honeywell,139
1403,24301803.0|Soennecken,139
1404,22540202.0|Makita,139
1405,21020701.0|Otto Ganter,139
1406,19080702.0|Hama,139
1407,21109090.0|Gardena,139
1408,29100201.0|VEPATIM,138
1409,40010801.0|Unbekannt,138
1410,21040601.0|Dahle,138
1411,27210601.0|WERMA Signaltechnik,138
1412,29090390.0|Relaxdays,138
1413,23230101.0|dormakaba,137
1414,19029002.0|Evolis,137
1415,24302001.0|GÜSS Kalender,137
1416,24330301.0|Leitz,137
1417,40011390.0|ELTEN,137
1418,40020201.0|Moravia,137
1419,27220501.0|Siemens,137
1420,24270290.0|Sigel,137
1421,40011503.0|Honeywell,137
1422,27110601.0|Philips,137
1423,24240601.0|Schneider Schreibgeräte,137
1424,21059290.0|Bosch,137
1425,27260701.0|TRU Components,137
1426,27269190.0|Raspberry Pi,136
1427,40011101.0|Kask,136
1428,24280890.0|Zebra,136
1429,30020690.0|Weicon,136
1430,24292701.0|Tarifold,136
1431,20099090.0|Valpro,136
1432,39020104.0|JaPeBi Contor,136
1433,27061801.0|StarTech.com,136
1434,24240501.0|Pilot,136
1435,23060102.0|Weicon,136
1436,29090301.0|Vega,136
1437,23100102.0|Reyher,135
1438,27119001.0|Bosch,135
1439,19080501.0|Hisense,135
1440,22170301.0|F.W. Burmann,135
1441,27049201.0|APC,135
1442,30010302.0|Denios,135
1443,20390301.0|Pressol,135
1444,27144001.0|Busch-Jaeger,135
1445,19020401.0|Lenovo,135
1446,40011305.0|Birkenstock,135
1447,21040219.0|KS Tools,135
1448,27143424.0|DIGITUS,135
1449,27142007.0|Littelfuse,135
1450,21040801.0|Unger,134
1451,40011301.0|HAIX Group,134
1452,23300290.0|INA,134
1453,21043090.0|Hazet,134
1454,30280101.0|CRC,134
1455,29043801.0|Hoppe,134
1456,40011301.0|Abeba,134
1457,29120102.0|Tork,134
1458,27400401.0|HellermannTyton,134
1459,24200201.0|KMP,134
1460,27260201.0|Kemet,134
1461,27260701.0|Delock,134
1462,27061801.0|Helukabel,134
1463,22369102.0|Geberit,133
1464,21040107.0|AMF Andreas Maier,133
1465,23110102.0|RS Pro,133
1466,30021301.0|Frosch,133
1467,23060190.0|FUCHS LUBRICANTS GERMANY,133
1468,29110107.0|Vileda,133
1469,21100405.0|WEDO,133
1470,40011201.0|Unigloves,133
1471,24220602.0|Novus Dahle,133
1472,24301802.0|rido/idé,133
1473,22360101.0|Grohe,133
1474,19010103.0|Synology,133
1475,29100306.0|Zewa,132
1476,29120102.0|Wenko,132
1477,30021609.0|PROMAT,132
1478,27060304.0|Lindy,132
1479,21040702.0|Rennsteig,132
1480,21020501.0|AMF Andreas Maier,132
1481,24262301.0|mayer-bestpac,132
1482,27200290.0|Testo,132
1483,27399090.0|Ubiquiti Networks,132
1484,27143424.0|Molex,132
1485,29120102.0|Starpak,132
1486,36039090.0|BERDAL RUBBER EN PLASTICS B. V.,132
1487,29120102.0|HYGOCLEAN,132
1488,24340307.0|Sigel,132
1489,19030501.0|Delock,132
1490,24241701.0|edding,132
1491,40011201.0|BIG,131
1492,29090301.0|WAS Germany,131
1493,36230301.0|Nilfisk-ALTO,131
1494,29041601.0|alpro,131
1495,40011501.0|PRO FIT by Fitzner,131
1496,21051502.0|Steinel,131
1497,21011311.0|Tyrolit,131
1498,21040190.0|Gedore,131
1499,27260701.0|Neutrik,131
1500,40011201.0|Meditrade,131
1501,21011315.0|PFERD TOOLS,130
1502,21081005.0|FELDER Löttechnik,130
1503,29043801.0|Aachener Printen- und Schokoladenfabrik Henry Lambertz,130
1504,24250301.0|Faber-Castell,130
1505,36430990.0|Sunonwealth Electric,130
1506,21040208.0|Gedore,130
1507,23149102.0|Unbekannt,130
1508,29090301.0|PULSIVA,130
1509,37011108.0|Riegler,130
1510,29029104.0|JURA Elektroapparate,130
1511,30021507.0|ZVG,130
1512,27143204.0|Dancop,130
1513,24340803.0|LEGO,130
1514,27144021.0|Hensel,130
1515,27140702.0|RS Pro,130
1516,20069090.0|CurTec,129
1517,21100420.0|AUER,129
1518,40020301.0|Plum,129
1519,27141140.0|Phoenix Contact,129
1520,24220602.0|Rapid,129
1521,21049090.0|Wiha,129
1522,24241601.0|Schneider Schreibgeräte,129
1523,29110105.0|ZVG,129
1524,29100303.0|Duni,129
1525,24262301.0|Herlitz,128
1526,40030212.0|WEPA,128
1527,20270104.0|F.W. Burmann,128
1528,24300201.0|Legamaster,128
1529,29020206.0|Sharp,128
1530,24221001.0|COLOP Stempelerzeugung,128
1531,21080101.0|JBC,128
1532,23090101.0|fischer,128
1533,23010501.0|Heinrich Kipp Werk,128
1534,21040204.0|Knipex,127
1535,23149102.0|Riegler,127
1536,21170303.0|Unbekannt,127
1537,27200106.0|Maul,127
1538,19030112.0|TP-Link,127
1539,29020601.0|SEVERIN,127
1540,29120102.0|Swirl,127
1541,19019090.0|Raspberry Pi,127
1542,29039006.0|TFA Dostmann,127
1543,23152304.0|Otto Ganter,127
1544,29090301.0|Esmeyer,127
1545,24291801.0|Esselte,127
1546,19039001.0|AVM,127
1547,24340601.0|Maul,127
1548,40030201.0|Unbekannt,127
1549,30021301.0|Werner & Mertz Gruppe,127
1550,24230101.0|tesa,127
1551,29090201.0|PULSIVA,126
1552,21049103.0|Stanley,126
1553,21011318.0|PFERD-Werkzeuge,126
1554,21100201.0|Rau,126
1555,40011201.0|Hartmann Group,126
1556,40200104.0|Moedel,126
1557,29043001.0|YOGI TEA,126
1558,29042901.0|Douwe Egberts,126
1559,29042901.0|J.J. Darboven,126
1560,21040602.0|Ecobra,126
1561,21100405.0|HMF,126
1562,27294001.0|Festo,126
1563,30021507.0|Tork,126
1564,27050401.0|AGFA Photo,125
1565,23110101.0|Heinrich Kipp Werk,125
1566,21070101.0|Relaxdays,125
1567,27050101.0|Duracell,125
1568,30021302.0|Reinex,125
1569,21100405.0|Durable,125
1570,21040402.0|Proxxon,125
1571,40020301.0|Holthaus Medical,125
1572,27143424.0|Klauke,125
1573,24221401.0|Willy Heckmann,125
1574,21010101.0|Metabo,124
1575,21040301.0|KS Tools,124
1576,30021401.0|Soennecken,124
1577,21080101.0|Rothenberger,124
1578,29120102.0|EKO,124
1579,21040901.0|Peddinghaus,124
1580,21020801.0|Format,124
1581,30021304.0|Unbekannt,124
1582,27110410.0|LEDVANCE,124
1583,40030212.0|BAXX,124
1584,24200101.0|HP Deutschland,124
1585,24210112.0|Intenso,124
1586,29110107.0|Kimberly-Clark,124
1587,22540202.0|STIHL,124
1588,27144042.0|GIRA Giersiepen,124
1589,40011390.0|uvex,124
1590,29090201.0|Contacto Bander,124
1591,21040101.0|Gedore,124
1592,24240701.0|Schneider,123
1593,27149190.0|Phoenix Contact,123
1594,40010101.0|Unbekannt,123
1595,24200201.0|Ampertec,123
1596,19019190.0|Lenovo,123
1597,29110204.0|Nölle Profi Brush,123
1598,21070301.0|Unbekannt,123
1599,23110301.0|Unbekannt,123
1600,27280401.0|Reiner SCT,123
1601,27294205.0|Riegler,123
1602,24260101.0|Hanauerland Werkstätten,123
1603,19030106.0|Intel,123
1604,40011301.0|abeba,123
1605,21041102.0|Pelikan,122
1606,40011304.0|Birkenstock,122
1607,30021303.0|Henkel,122
1608,21100701.0|Hymer,122
1609,23170208.0|Optibelt,122
1610,24260203.0|Hamelin,122
1611,24200302.0|Labelident,122
1612,21100420.0|Unbekannt,122
1613,21011603.0|Milwaukee,122
1614,24360105.0|4smarts,122
1615,21100425.0|Relaxdays,121
1616,27144037.0|Brennenstuhl,121
1617,24262302.0|MAILmedia,121
1618,24291403.0|Durable,121
1619,23189101.0|Otto Ganter,121
1620,24321501.0|GBC,121
1621,29110109.0|Floordirekt,121
1622,24260405.0|Franz Veit,121
1623,21040105.0|GEDORE,121
1624,24360202.0|Jüscha,121
1625,30021701.0|Unbekannt,121
1626,40011503.0|3M,121
1627,24350103.0|Europa-Lehrmittel,121
1628,36102090.0|Brita,121
1629,23060102.0|Dow Corning,121
1630,27110690.0|OSRAM HOMELIGHTING,121
1631,21100421.0|Unbekannt,120
1632,27269190.0|Joy-It,120
1633,40010102.0|Unbekannt,120
1634,21059202.0|Metabo,120
1635,19089204.0|GN Audio Germany,120
1636,24230590.0|TransPak,120
1637,27050401.0|XCell Batteries,120
1638,23050190.0|Igus,120
1639,24240401.0|Faber-Castell,120
1640,40010601.0|DuPont,120
1641,22549901.0|Unbekannt,120
1642,35030501.0|Unbekannt,120
1643,24230309.0|Kip,120
1644,27142001.0|Mersen,120
1645,29020601.0|Krups,120
1646,37110304.0|LANDEFELD,120
1647,23330190.0|3M,120
1648,21011318.0|Format,120
1649,29020101.0|Gorenje,120
1650,23110302.0|Unbekannt,120
1651,19100101.0|Kodak,120
1652,23250402.0|Connex,120
1653,27144042.0|MENNEKES Elektrotechnik,119
1654,40019104.0|3M,119
1655,24291801.0|VELOFLEX Carsten Thormählen,119
1656,29120102.0|Melitta,119
1657,22490303.0|tesa,119
1658,27299202.0|Festo,119
1659,23070801.0|Dichtomatik,119
1660,40010801.0|elysee,119
1661,22510190.0|Zarges,119
1662,29090390.0|Emsa,119
1663,27200601.0|Riegler,119
1664,27140505.0|Trotec,119
1665,21160504.0|Bosch,119
1666,30010301.0|RAW,119
1667,21010504.0|Format,119
1668,30021701.0|Procter & Gamble,119
1669,24290401.0|Falken,119
1670,23100101.0|Reidl,119
1671,24230311.0|3M,119
1672,27119001.0|Milwaukee,119
1673,27140706.0|Runpotec,119
1674,21011603.0|Metabo,118
1675,24241402.0|STABILO,118
1676,23010101.0|Otto Ganter,118
1677,29090201.0|Victorinox,118
1678,24360105.0|Hurtel,118
1679,21070301.0|Cordes,118
1680,40200101.0|Schilder Klar,118
1681,27140905.0|HellermannTyton,118
1682,27260701.0|Lumberg,118
1683,29043801.0|Mondelez,118
1684,37011101.0|Bosch,118
1685,19039090.0|Yubico,118
1686,27062010.0|Fluke,118
1687,24291801.0|Leitz,118
1688,27299090.0|IMI Norgren,118
1689,29090302.0|Emsa,118
1690,29110204.0|Sorex Import Export Wolfgang Schietinger,118
1691,21109090.0|Hazet,118
1692,24242201.0|Faber-Castell,117
1693,20270104.0|Unbekannt,117
1694,23110701.0|Heinrich Kipp Werk,117
1695,24260203.0|Format Werk,117
1696,27260704.0|Phoenix Contact,117
1697,21100421.0|Kappes Systeme,117
1698,24260103.0|Viking,117
1699,24220104.0|Leitz,117
1700,24220102.0|Floordirekt,117
1701,27200310.0|Benning,117
1702,21041102.0|Schuller Eh'klar,117
1703,24210112.0|Kingston Technology,117
1704,19029001.0|Siemens,117
1705,40020501.0|Rocol,117
1706,19030501.0|Apple,117
1707,21010101.0|Makita,117
1708,27220601.0|Bürkert,116
1709,22510190.0|MUNK Günzburger Steigtechnik,116
1710,29041601.0|Jacobs Douwe Egberts,116
1711,21040211.0|KS Tools,116
1712,24301802.0|Glocken,116
1713,21040105.0|Proxxon,116
1714,21100101.0|Sortimo,116
1715,21040222.0|Stahlwille,116
1716,40011302.0|uvex,116
1717,40011302.0|Unbekannt,116
1718,20030106.0|VEPATIM,116
1719,27040690.0|Eaton,116
1720,21010504.0|Bosch,116
1721,40011401.0|Unbekannt,116
1722,29110110.0|Oscar Weil,115
1723,19030308.0|PHS-memory,115
1724,23100501.0|Reyher,115
1725,23050803.0|FAG,115
1726,19089204.0|EPOS,115
1727,19030503.0|DIGITUS,115
1728,21040401|Wiha,115
1729,23060190.0|Unbekannt,115
1730,19019190.0|VHBW,115
1731,23050801.0|NTN-SNR,114
1732,27143404.0|PCE,114
1733,24221004.0|Trodat,114
1734,24230109.0|Unbekannt,114
1735,24241801.0|edding,114
1736,30021507.0|Essity Germany,114
1737,23010102.0|Heinrich Kipp Werk,114
1738,27149115.0|3M,114
1739,30021690.0|Caramba Chemie,114
1740,20030105.0|Unbekannt,114
1741,19020201.0|HP,114
1742,20390301.0|Unbekannt,114
1743,27050604.0|Jabra,114
1744,27143415.0|as - Schwabe,114
1745,29043001.0|Eilles,114
1746,27201390.0|ifm electronic,114
1747,24220107.0|helit innovative Büroprodukte,114
1748,24210590.0|3M,114
1749,21052390.0|Dremel,113
1750,24311303.0|WEDO,113
1751,23149102.0|S-S-T SchellenserviceTeam GmbH,113
1752,27370491.0|Eaton,113
1753,19030503.0|Lenovo,113
1754,29090301.0|Emsa,113
1755,21010101.0|PROMAT,113
1756,21100412.0|C+P Möbelsysteme,113
1757,24300902.0|Sigel,113
1758,27299202.0|ACE,113
1759,22360304.0|Viega,113
1760,24242502.0|Tombow,113
1761,23110101.0|Reidl,113
1762,23060102.0|SKF,113
1763,27061801.0|Metz Connect,113
1764,19010105.0|Asus,112
1765,24300304.0|Legamaster,112
1766,24261301.0|Igepa,112
1767,24220401.0|Soennecken,112
1768,29110207.0|Vikan,112
1769,24301809.0|Neumann Verlage,112
1770,21100420.0|Alpha Paletten & Boxen,112
1771,27294290.0|LANDEFELD,112
1772,27260701|Stäubli,112
1773,21130413.0|Otto Ganter,112
1774,27399090.0|GfS - Gesellschaft für Sicherheitstechnik,112
1775,27061802.0|Delock,112
1776,27143415.0|Bachmann,111
1777,25240504.0|HP,111
1778,19030308.0|Dell,111
1779,34180402.0|Söhngen,111
1780,24221401.0|Soennecken,111
1781,21040301.0|Labelident,111
1782,21170306.0|PROMAT,111
1783,27270104.0|Schmersal,111
1784,24210590.0|NALIA,111
1785,29043801.0|Lotus,111
1786,27400201.0|Quadrios,111
1787,24230601.0|F.W. Burmann,111
1788,29029104.0|Siemens,111
1789,21160103.0|Stanley Black & Decker,111
1790,27142602.0|as - Schwabe,111
1791,27140908.0|Niedax,111
1792,23090303.0|SEEGER,111
1793,40200202.0|DR-Label,110
1794,23110603.0|Unbekannt,110
1795,24262302.0|mayer-bestpac,110
1796,29090301.0|Relaxdays,110
1797,23170210.0|Mädler,110
1798,40011503.0|uvex,110
1799,22360690.0|Viega,110
1800,21049090.0|KS Tools,110
1801,21010504.0|Unbekannt,110
1802,24251901.0|Möbius+Ruppert,110
1803,27050401.0|Fiamm,110
1804,21052390.0|Bosch,110
1805,21011603.0|Fein,110
1806,19019201.0|i-tec,110
1807,24200201.0|Samsung,110
1808,21010210.0|PROJAHN Präzisionswerkzeuge,110
1809,21011603.0|Makita,110
1810,29110107.0|Franz Mensch,109
1811,34180190.0|Orkla Wound Care,109
1812,21040601.0|Fiskars,109
1813,21043090.0|Bosch,109
1814,24210109.0|Quantum,109
1815,23110302.0|Reidl,109
1816,23110102.0|LANDEFELD,109
1817,20270102.0|RAJA,109
1818,19030503.0|Delock,109
1819,24290101.0|Exacompta,109
1820,21049090.0|Hazet,109
1821,20140402.0|BB-Verpackungen,109
1822,21160101.0|BMI,109
1823,19020401.0|Perixx,109
1824,23090301.0|Unbekannt,109
1825,19020201.0|Kyocera,109
1826,24321202.0|Mediarange,109
1827,29042901.0|Minges Kaffee,108
1828,19069203.0|Hama,108
1829,29100305.0|Bravilor Bonamat,108
1830,21051502.0|Bosch,108
1831,27142309.0|Finder,108
1832,29043801.0|Hellma,108
1833,24301611.0|Durable,108
1834,23152001.0|fischer,108
1835,27119001.0|Unbekannt,108
1836,21010210.0|PROMAT,108
1837,22170201.0|fischer,108
1838,27050401.0|Camelion Batterien,108
1839,24301808.0|Baier & Schneider,108
1840,21040202.0|GEDORE red,108
1841,19030312.0|Renkforce,108
1842,24321103.0|Zebra,108
1843,30021401.0|Durable,108
1844,21011311.0|Dremel,108
1845,23270402.0|Burg-Wächter,108
1846,27110305.0|CEAG,108
1847,24260103.0|UPM Raflatac,108
1848,27140606.0|OBO BETTERMANN,107
1849,21040602.0|Knipex,107
1850,23080201.0|Gutekunst,107
1851,34189290.0|Cederroth,107
1852,27040690.0|BlueWalker,107
1853,21040702.0|Gedore,107
1854,24262301.0|Euro Kuvert,107
1855,23110102.0|Toolcraft,107
1856,24220905.0|Soennecken,107
1857,24301201.0|Celexon,107
1858,21079105.0|Tente,107
1859,23070890.0|Dichtomatik,107
1860,24280802.0|Kroschke,107
1861,23090301.0|Nord-Lock,107
1862,24210501.0|Durable,107
1863,32039090.0|Unbekannt,107
1864,29020601.0|Siemens,107
1865,19080501.0|LG,107
1866,29042901.0|Luigi Lavazza Deutschland,107
1867,40011601.0|uvex,106
1868,21079104.0|SpanSet,106
1869,24241904.0|Staedtler,106
1870,24221101.0|COLOP Stempelerzeugung,106
1871,40011301.0|Nitras,106
1872,23110302.0|Mädler,106
1873,21100421.0|LA-KA-PE (Ing. Alfred Häner),106
1874,19030312.0|4smarts,106
1875,24261301.0|Canon,106
1876,19020102.0|Eizo,106
1877,29100306.0|Unbekannt,106
1878,21071101.0|Hazet,106
1879,24210590.0|Displex,106
1880,24300902.0|ALCO Albert,106
1881,29041601.0|Arla,106
1882,24210401.0|Kensington,106
1883,24240501.0|Schneider Novus,106
1884,40020503.0|A.M.P.E.R.E. System,106
1885,19020402.0|Samsung,106
1886,24210401.0|Sharkoon,106
1887,24321902.0|Epson,106
1888,21011305.0|PFERD-Werkzeuge,106
1889,29120102.0|Martin Becker Verpackungen,106
1890,23050190.0|Mädler,106
1891,40011301.0|Baak,106
1892,21040402.0|Makita,106
1893,24301611.0|Moedel,106
1894,23149102.0|SST,106
1895,21040208.0|Stahlwille,105
1896,29069090.0|Assheuer + Pott,105
1897,40020301.0|WERO,105
1898,21029106.0|Brockhaus Heuer,105
1899,29043902.0|IG SÜDZUCKER AG,105
1900,29041601.0|TURM-Sahne,105
1901,27140706.0|as - Schwabe,105
1902,24240501.0|Q-Connect,105
1903,21040301.0|Gedore,105
1904,30021690.0|E-Coll,105
1905,29043801.0|Lambertz,105
1906,22411101.0|RS Pro,105
1907,39020104.0|Chemos,105
1908,20270102.0|TransPak,105
1909,27142004.0|Mersen,105
1910,25160142.0|A.S. CRÉATION,105
1911,36430990.0|Rittal,105
1912,27061803.0|LogiLink,105
1913,21100421.0|LA-KA-PE,105
1914,21040104.0|Gedore,105
1915,24291607.0|Falken,104
1916,27371601.0|TE Connectivity,104
1917,21011311.0|Unbekannt,104
1918,24320502.0|Soennecken,104
1919,21010101.0|Walter Titex,104
1920,24321602.0|GBC,104
1921,24301808.0|BRUNNEN,104
1922,24230311.0|Velcro,104
1923,21170207.0|Unbekannt,104
1924,40011501.0|Univet,104
1925,27110632.0|Osram,104
1926,30021690.0|Caramba,104
1927,27260801.0|ST Microelectronics,104
1928,21052403.0|Bosch,104
1929,24331290.0|Rayher Hobby,104
1930,40030201.0|Essity Germany,104
1931,24321501.0|HP,103
1932,27269190.0|Arduino,103
1933,21100801.0|Zarges,103
1934,37010491.0|Hünersdorff,103
1935,23100101.0|Mädler,103
1936,24230301.0|Soennecken,103
1937,21100101.0|BS Systems,103
1938,24210590.0|4smarts,103
1939,21011603.0|Unbekannt,103
1940,29110201.0|Unbekannt,103
1941,23110112.0|Reyher,103
1942,23170201.0|Gates,103
1943,40019120.0|uvex,103
1944,23210101.0|Hoppe,103
1945,27050401.0|Kung Long,103
1946,21011318.0|Makita,103
1947,29120102.0|Rotho,103
1948,27390190.0|Yubico,103
1949,24289090.0|Soennecken,103
1950,27142604.0|DIGITUS,102
1951,27130801.0|Siemens,102
1952,34190202.0|Söhngen,102
1953,34180390.0|Söhngen,102
1954,37110190.0|Tricoflex,102
1955,27050604.0|Verbatim,102
1956,24281290.0|Labelident,102
1957,21100420.0|CEMO,102
1958,19020402.0|Hama,102
1959,24311902.0|ALCO Albert,102
1960,24292701.0|Ultradex,102
1961,24301809.0|Zettler,102
1962,29120101.0|CWS,102
1963,21040603.0|HAROMAC Werkzeugfabrik,102
1964,21059202.0|DeWalt,102
1965,27119001.0|Hazet,102
1966,20420204.0|Toolcraft,102
1967,24292002.0|Durable,102
1968,21011305.0|Klingspor,102
1969,23090101.0|Mädler,102
1970,24242502.0|tesa,102
1971,23090101.0|Reidl,102
1972,30021404.0|Kimberly-Clark,102
1973,24280802.0|Pinter Signum,102
1974,40020401.0|Orkla Wound Care AB,102
1975,23051601.0|SKF,102
1976,19030309.0|PNY,101
1977,21100420.0|keeeper,101
1978,21040602.0|KS Tools,101
1979,27270990.0|ifm electronic,101
1980,23140290.0|NORMA,101
1981,29110107.0|Soennecken,101
1982,24301502.0|Leitz,101
1983,27119090.0|Petzl,101
1984,24290101.0|Herlitz,101
1985,29119090.0|Unbekannt,101
1986,40020501.0|Durable,101
1987,23110114.0|Otto Ganter,101
1988,24321602.0|Soennecken,101
1989,19019201.0|StarTech.com,101
1990,27250203.0|Beckhoff Automation,101
1991,24320502.0|GENIE,101
1992,23110118.0|Unbekannt,101
1993,24360105|Hama,101
1994,23190110.0|BASI,101
1995,30021701.0|Febreze,101
1996,21170306.0|Format,101
1997,27149109.0|Pflitsch,101
1998,27050603.0|Ctek,101
1999,24260601.0|go paper,101
2000,40010401.0|Helmut Feldtmann,101
